Sequence_ID,ChainA_Mutations,ChainB_Mutations
AcrR_1,L73I;H101E;L108F;L109M;Q110H;A112R;V114A;E115M;R119N;H124Y;D125Q;S153H;L155I,No mutations
AcrR_2,L73I;A98M;H101E;L108F;L109M;Q110H;A112R;V114A;E115M;R119N;H124Y;D125Q;S153H;L155I,No mutations
AcrR_3,D71E;L73I;H101E;L108F;L109M;Q110H;A112R;V114A;E115M;R119N;H124Y;D125Q;S153H;L155I,No mutations
AcrR_4,D71E;L73I;A98M;H101E;L108F;L109M;Q110H;A112R;V114A;E115M;R119N;H124Y;D125Q;S153H;L155I,No mutations
AcrR_5,I70L;L73I;H101E;L108F;L109M;Q110H;A112R;V114A;E115M;R119N;H124Y;D125Q;S153H;L155I,No mutations
AcrR_6,I70L;L73I;A98M;H101E;L108F;L109M;Q110H;A112R;V114A;E115M;R119N;H124Y;D125Q;S153H;L155I,No mutations
AcrR_7,I70L;D71E;L73I;H101E;L108F;L109M;Q110H;A112R;V114A;E115M;R119N;H124Y;D125Q;S153H;L155I,No mutations
AcrR_8,I70L;D71E;L73I;A98M;H101E;L108F;L109M;Q110H;A112R;V114A;E115M;R119N;H124Y;D125Q;S153H;L155I,No mutations
AcrR_17,L73I;H101E;L108F;L109M;Q110H;A112R;V114A;E115M;R119N;H124Y;D125Q;S153H,No mutations
AcrR_18,L73I;A98M;H101E;L108F;L109M;Q110H;A112R;V114A;E115M;R119N;H124Y;D125Q;S153H,No mutations
AcrR_19,D71E;L73I;H101E;L108F;L109M;Q110H;A112R;V114A;E115M;R119N;H124Y;D125Q;S153H,No mutations
AcrR_20,D71E;L73I;A98M;H101E;L108F;L109M;Q110H;A112R;V114A;E115M;R119N;H124Y;D125Q;S153H,No mutations
AcrR_21,I70L;L73I;H101E;L108F;L109M;Q110H;A112R;V114A;E115M;R119N;H124Y;D125Q;S153H,No mutations
AcrR_22,I70L;L73I;A98M;H101E;L108F;L109M;Q110H;A112R;V114A;E115M;R119N;H124Y;D125Q;S153H,No mutations
AcrR_23,I70L;D71E;L73I;H101E;L108F;L109M;Q110H;A112R;V114A;E115M;R119N;H124Y;D125Q;S153H,No mutations
AcrR_24,I70L;D71E;L73I;A98M;H101E;L108F;L109M;Q110H;A112R;V114A;E115M;R119N;H124Y;D125Q;S153H,No mutations
AcrR_33,L73I;H101E;L108F;L109M;Q110H;A112R;V114A;E115M;R119N;H124Y;D125Q;A149E;S153H;L155I,No mutations
AcrR_34,L73I;A98M;H101E;L108F;L109M;Q110H;A112R;V114A;E115M;R119N;H124Y;D125Q;A149E;S153H;L155I,No mutations
AcrR_35,D71E;L73I;H101E;L108F;L109M;Q110H;A112R;V114A;E115M;R119N;H124Y;D125Q;A149E;S153H;L155I,No mutations
AcrR_36,D71E;L73I;A98M;H101E;L108F;L109M;Q110H;A112R;V114A;E115M;R119N;H124Y;D125Q;A149E;S153H;L155I,No mutations
AcrR_37,I70L;L73I;H101E;L108F;L109M;Q110H;A112R;V114A;E115M;R119N;H124Y;D125Q;A149E;S153H;L155I,No mutations
AcrR_38,I70L;L73I;A98M;H101E;L108F;L109M;Q110H;A112R;V114A;E115M;R119N;H124Y;D125Q;A149E;S153H;L155I,No mutations
AcrR_39,I70L;D71E;L73I;H101E;L108F;L109M;Q110H;A112R;V114A;E115M;R119N;H124Y;D125Q;A149E;S153H;L155I,No mutations
AcrR_40,I70L;D71E;L73I;A98M;H101E;L108F;L109M;Q110H;A112R;V114A;E115M;R119N;H124Y;D125Q;A149E;S153H;L155I,No mutations
AcrR_49,L73I;H101E;L108F;L109M;Q110H;A112R;V114A;E115M;R119N;H124Y;D125Q;A149E;S153H,No mutations
AcrR_50,L73I;A98M;H101E;L108F;L109M;Q110H;A112R;V114A;E115M;R119N;H124Y;D125Q;A149E;S153H,No mutations
AcrR_51,D71E;L73I;H101E;L108F;L109M;Q110H;A112R;V114A;E115M;R119N;H124Y;D125Q;A149E;S153H,No mutations
AcrR_52,D71E;L73I;A98M;H101E;L108F;L109M;Q110H;A112R;V114A;E115M;R119N;H124Y;D125Q;A149E;S153H,No mutations
AcrR_53,I70L;L73I;H101E;L108F;L109M;Q110H;A112R;V114A;E115M;R119N;H124Y;D125Q;A149E;S153H,No mutations
AcrR_54,I70L;L73I;A98M;H101E;L108F;L109M;Q110H;A112R;V114A;E115M;R119N;H124Y;D125Q;A149E;S153H,No mutations
AcrR_55,I70L;D71E;L73I;H101E;L108F;L109M;Q110H;A112R;V114A;E115M;R119N;H124Y;D125Q;A149E;S153H,No mutations
AcrR_56,I70L;D71E;L73I;A98M;H101E;L108F;L109M;Q110H;A112R;V114A;E115M;R119N;H124Y;D125Q;A149E;S153H,No mutations
AcrR_65,L73I;H101E;L108F;L109M;Q110H;A112R;E115M;R119N;H124Y;D125Q;S153H;L155I,No mutations
AcrR_66,L73I;A98M;H101E;L108F;L109M;Q110H;A112R;E115M;R119N;H124Y;D125Q;S153H;L155I,No mutations
AcrR_67,D71E;L73I;H101E;L108F;L109M;Q110H;A112R;E115M;R119N;H124Y;D125Q;S153H;L155I,No mutations
AcrR_68,D71E;L73I;A98M;H101E;L108F;L109M;Q110H;A112R;E115M;R119N;H124Y;D125Q;S153H;L155I,No mutations
AcrR_69,I70L;L73I;H101E;L108F;L109M;Q110H;A112R;E115M;R119N;H124Y;D125Q;S153H;L155I,No mutations
AcrR_70,I70L;L73I;A98M;H101E;L108F;L109M;Q110H;A112R;E115M;R119N;H124Y;D125Q;S153H;L155I,No mutations
AcrR_71,I70L;D71E;L73I;H101E;L108F;L109M;Q110H;A112R;E115M;R119N;H124Y;D125Q;S153H;L155I,No mutations
AcrR_72,I70L;D71E;L73I;A98M;H101E;L108F;L109M;Q110H;A112R;E115M;R119N;H124Y;D125Q;S153H;L155I,No mutations
AcrR_81,L73I;H101E;L108F;L109M;Q110H;A112R;E115M;R119N;H124Y;D125Q;S153H,No mutations
AcrR_82,L73I;A98M;H101E;L108F;L109M;Q110H;A112R;E115M;R119N;H124Y;D125Q;S153H,No mutations
AcrR_83,D71E;L73I;H101E;L108F;L109M;Q110H;A112R;E115M;R119N;H124Y;D125Q;S153H,No mutations
AcrR_84,D71E;L73I;A98M;H101E;L108F;L109M;Q110H;A112R;E115M;R119N;H124Y;D125Q;S153H,No mutations
AcrR_85,I70L;L73I;H101E;L108F;L109M;Q110H;A112R;E115M;R119N;H124Y;D125Q;S153H,No mutations
AcrR_86,I70L;L73I;A98M;H101E;L108F;L109M;Q110H;A112R;E115M;R119N;H124Y;D125Q;S153H,No mutations
AcrR_87,I70L;D71E;L73I;H101E;L108F;L109M;Q110H;A112R;E115M;R119N;H124Y;D125Q;S153H,No mutations
AcrR_88,I70L;D71E;L73I;A98M;H101E;L108F;L109M;Q110H;A112R;E115M;R119N;H124Y;D125Q;S153H,No mutations
AcrR_97,L73I;H101E;L108F;L109M;Q110H;A112R;E115M;R119N;H124Y;D125Q;A149E;S153H;L155I,No mutations
AcrR_98,L73I;A98M;H101E;L108F;L109M;Q110H;A112R;E115M;R119N;H124Y;D125Q;A149E;S153H;L155I,No mutations
AcrR_99,D71E;L73I;H101E;L108F;L109M;Q110H;A112R;E115M;R119N;H124Y;D125Q;A149E;S153H;L155I,No mutations
AcrR_100,D71E;L73I;A98M;H101E;L108F;L109M;Q110H;A112R;E115M;R119N;H124Y;D125Q;A149E;S153H;L155I,No mutations
AcrR_101,I70L;L73I;H101E;L108F;L109M;Q110H;A112R;E115M;R119N;H124Y;D125Q;A149E;S153H;L155I,No mutations
AcrR_102,I70L;L73I;A98M;H101E;L108F;L109M;Q110H;A112R;E115M;R119N;H124Y;D125Q;A149E;S153H;L155I,No mutations
AcrR_103,I70L;D71E;L73I;H101E;L108F;L109M;Q110H;A112R;E115M;R119N;H124Y;D125Q;A149E;S153H;L155I,No mutations
AcrR_104,I70L;D71E;L73I;A98M;H101E;L108F;L109M;Q110H;A112R;E115M;R119N;H124Y;D125Q;A149E;S153H;L155I,No mutations
AcrR_113,L73I;H101E;L108F;L109M;Q110H;A112R;E115M;R119N;H124Y;D125Q;A149E;S153H,No mutations
AcrR_114,L73I;A98M;H101E;L108F;L109M;Q110H;A112R;E115M;R119N;H124Y;D125Q;A149E;S153H,No mutations
AcrR_115,D71E;L73I;H101E;L108F;L109M;Q110H;A112R;E115M;R119N;H124Y;D125Q;A149E;S153H,No mutations
AcrR_116,D71E;L73I;A98M;H101E;L108F;L109M;Q110H;A112R;E115M;R119N;H124Y;D125Q;A149E;S153H,No mutations
AcrR_117,I70L;L73I;H101E;L108F;L109M;Q110H;A112R;E115M;R119N;H124Y;D125Q;A149E;S153H,No mutations
AcrR_118,I70L;L73I;A98M;H101E;L108F;L109M;Q110H;A112R;E115M;R119N;H124Y;D125Q;A149E;S153H,No mutations
AcrR_119,I70L;D71E;L73I;H101E;L108F;L109M;Q110H;A112R;E115M;R119N;H124Y;D125Q;A149E;S153H,No mutations
AcrR_120,I70L;D71E;L73I;A98M;H101E;L108F;L109M;Q110H;A112R;E115M;R119N;H124Y;D125Q;A149E;S153H,No mutations
AcrR_129,L73I;H101E;L108Y;L109M;Q110H;A112R;V114A;E115M;R119N;H124Y;D125Q;S153H;L155I,No mutations
AcrR_130,L73I;A98M;H101E;L108Y;L109M;Q110H;A112R;V114A;E115M;R119N;H124Y;D125Q;S153H;L155I,No mutations
AcrR_131,D71E;L73I;H101E;L108Y;L109M;Q110H;A112R;V114A;E115M;R119N;H124Y;D125Q;S153H;L155I,No mutations
AcrR_132,D71E;L73I;A98M;H101E;L108Y;L109M;Q110H;A112R;V114A;E115M;R119N;H124Y;D125Q;S153H;L155I,No mutations
AcrR_133,I70L;L73I;H101E;L108Y;L109M;Q110H;A112R;V114A;E115M;R119N;H124Y;D125Q;S153H;L155I,No mutations
AcrR_134,I70L;L73I;A98M;H101E;L108Y;L109M;Q110H;A112R;V114A;E115M;R119N;H124Y;D125Q;S153H;L155I,No mutations
AcrR_135,I70L;D71E;L73I;H101E;L108Y;L109M;Q110H;A112R;V114A;E115M;R119N;H124Y;D125Q;S153H;L155I,No mutations
AcrR_136,I70L;D71E;L73I;A98M;H101E;L108Y;L109M;Q110H;A112R;V114A;E115M;R119N;H124Y;D125Q;S153H;L155I,No mutations
AcrR_145,L73I;H101E;L108Y;L109M;Q110H;A112R;V114A;E115M;R119N;H124Y;D125Q;S153H,No mutations
AcrR_146,L73I;A98M;H101E;L108Y;L109M;Q110H;A112R;V114A;E115M;R119N;H124Y;D125Q;S153H,No mutations
AcrR_147,D71E;L73I;H101E;L108Y;L109M;Q110H;A112R;V114A;E115M;R119N;H124Y;D125Q;S153H,No mutations
AcrR_148,D71E;L73I;A98M;H101E;L108Y;L109M;Q110H;A112R;V114A;E115M;R119N;H124Y;D125Q;S153H,No mutations
AcrR_149,I70L;L73I;H101E;L108Y;L109M;Q110H;A112R;V114A;E115M;R119N;H124Y;D125Q;S153H,No mutations
AcrR_150,I70L;L73I;A98M;H101E;L108Y;L109M;Q110H;A112R;V114A;E115M;R119N;H124Y;D125Q;S153H,No mutations
AcrR_151,I70L;D71E;L73I;H101E;L108Y;L109M;Q110H;A112R;V114A;E115M;R119N;H124Y;D125Q;S153H,No mutations
AcrR_152,I70L;D71E;L73I;A98M;H101E;L108Y;L109M;Q110H;A112R;V114A;E115M;R119N;H124Y;D125Q;S153H,No mutations
AcrR_161,L73I;H101E;L108Y;L109M;Q110H;A112R;V114A;E115M;R119N;H124Y;D125Q;A149E;S153H;L155I,No mutations
AcrR_162,L73I;A98M;H101E;L108Y;L109M;Q110H;A112R;V114A;E115M;R119N;H124Y;D125Q;A149E;S153H;L155I,No mutations
AcrR_163,D71E;L73I;H101E;L108Y;L109M;Q110H;A112R;V114A;E115M;R119N;H124Y;D125Q;A149E;S153H;L155I,No mutations
AcrR_164,D71E;L73I;A98M;H101E;L108Y;L109M;Q110H;A112R;V114A;E115M;R119N;H124Y;D125Q;A149E;S153H;L155I,No mutations
AcrR_165,I70L;L73I;H101E;L108Y;L109M;Q110H;A112R;V114A;E115M;R119N;H124Y;D125Q;A149E;S153H;L155I,No mutations
AcrR_166,I70L;L73I;A98M;H101E;L108Y;L109M;Q110H;A112R;V114A;E115M;R119N;H124Y;D125Q;A149E;S153H;L155I,No mutations
AcrR_167,I70L;D71E;L73I;H101E;L108Y;L109M;Q110H;A112R;V114A;E115M;R119N;H124Y;D125Q;A149E;S153H;L155I,No mutations
AcrR_168,I70L;D71E;L73I;A98M;H101E;L108Y;L109M;Q110H;A112R;V114A;E115M;R119N;H124Y;D125Q;A149E;S153H;L155I,No mutations
AcrR_177,L73I;H101E;L108Y;L109M;Q110H;A112R;V114A;E115M;R119N;H124Y;D125Q;A149E;S153H,No mutations
AcrR_178,L73I;A98M;H101E;L108Y;L109M;Q110H;A112R;V114A;E115M;R119N;H124Y;D125Q;A149E;S153H,No mutations
AcrR_179,D71E;L73I;H101E;L108Y;L109M;Q110H;A112R;V114A;E115M;R119N;H124Y;D125Q;A149E;S153H,No mutations
AcrR_180,D71E;L73I;A98M;H101E;L108Y;L109M;Q110H;A112R;V114A;E115M;R119N;H124Y;D125Q;A149E;S153H,No mutations
AcrR_181,I70L;L73I;H101E;L108Y;L109M;Q110H;A112R;V114A;E115M;R119N;H124Y;D125Q;A149E;S153H,No mutations
AcrR_182,I70L;L73I;A98M;H101E;L108Y;L109M;Q110H;A112R;V114A;E115M;R119N;H124Y;D125Q;A149E;S153H,No mutations
AcrR_183,I70L;D71E;L73I;H101E;L108Y;L109M;Q110H;A112R;V114A;E115M;R119N;H124Y;D125Q;A149E;S153H,No mutations
AcrR_184,I70L;D71E;L73I;A98M;H101E;L108Y;L109M;Q110H;A112R;V114A;E115M;R119N;H124Y;D125Q;A149E;S153H,No mutations
AcrR_193,L73I;H101E;L108Y;L109M;Q110H;A112R;E115M;R119N;H124Y;D125Q;S153H;L155I,No mutations
AcrR_194,L73I;A98M;H101E;L108Y;L109M;Q110H;A112R;E115M;R119N;H124Y;D125Q;S153H;L155I,No mutations
AcrR_195,D71E;L73I;H101E;L108Y;L109M;Q110H;A112R;E115M;R119N;H124Y;D125Q;S153H;L155I,No mutations
AcrR_196,D71E;L73I;A98M;H101E;L108Y;L109M;Q110H;A112R;E115M;R119N;H124Y;D125Q;S153H;L155I,No mutations
AcrR_197,I70L;L73I;H101E;L108Y;L109M;Q110H;A112R;E115M;R119N;H124Y;D125Q;S153H;L155I,No mutations
AcrR_198,I70L;L73I;A98M;H101E;L108Y;L109M;Q110H;A112R;E115M;R119N;H124Y;D125Q;S153H;L155I,No mutations
AcrR_199,I70L;D71E;L73I;H101E;L108Y;L109M;Q110H;A112R;E115M;R119N;H124Y;D125Q;S153H;L155I,No mutations
AcrR_200,I70L;D71E;L73I;A98M;H101E;L108Y;L109M;Q110H;A112R;E115M;R119N;H124Y;D125Q;S153H;L155I,No mutations
AcrR_209,L73I;H101E;L108Y;L109M;Q110H;A112R;E115M;R119N;H124Y;D125Q;S153H,No mutations
AcrR_210,L73I;A98M;H101E;L108Y;L109M;Q110H;A112R;E115M;R119N;H124Y;D125Q;S153H,No mutations
AcrR_211,D71E;L73I;H101E;L108Y;L109M;Q110H;A112R;E115M;R119N;H124Y;D125Q;S153H,No mutations
AcrR_212,D71E;L73I;A98M;H101E;L108Y;L109M;Q110H;A112R;E115M;R119N;H124Y;D125Q;S153H,No mutations
AcrR_213,I70L;L73I;H101E;L108Y;L109M;Q110H;A112R;E115M;R119N;H124Y;D125Q;S153H,No mutations
AcrR_214,I70L;L73I;A98M;H101E;L108Y;L109M;Q110H;A112R;E115M;R119N;H124Y;D125Q;S153H,No mutations
AcrR_215,I70L;D71E;L73I;H101E;L108Y;L109M;Q110H;A112R;E115M;R119N;H124Y;D125Q;S153H,No mutations
AcrR_216,I70L;D71E;L73I;A98M;H101E;L108Y;L109M;Q110H;A112R;E115M;R119N;H124Y;D125Q;S153H,No mutations
AcrR_225,L73I;H101E;L108Y;L109M;Q110H;A112R;E115M;R119N;H124Y;D125Q;A149E;S153H;L155I,No mutations
AcrR_226,L73I;A98M;H101E;L108Y;L109M;Q110H;A112R;E115M;R119N;H124Y;D125Q;A149E;S153H;L155I,No mutations
AcrR_227,D71E;L73I;H101E;L108Y;L109M;Q110H;A112R;E115M;R119N;H124Y;D125Q;A149E;S153H;L155I,No mutations
AcrR_228,D71E;L73I;A98M;H101E;L108Y;L109M;Q110H;A112R;E115M;R119N;H124Y;D125Q;A149E;S153H;L155I,No mutations
AcrR_229,I70L;L73I;H101E;L108Y;L109M;Q110H;A112R;E115M;R119N;H124Y;D125Q;A149E;S153H;L155I,No mutations
AcrR_230,I70L;L73I;A98M;H101E;L108Y;L109M;Q110H;A112R;E115M;R119N;H124Y;D125Q;A149E;S153H;L155I,No mutations
AcrR_231,I70L;D71E;L73I;H101E;L108Y;L109M;Q110H;A112R;E115M;R119N;H124Y;D125Q;A149E;S153H;L155I,No mutations
AcrR_232,I70L;D71E;L73I;A98M;H101E;L108Y;L109M;Q110H;A112R;E115M;R119N;H124Y;D125Q;A149E;S153H;L155I,No mutations
AcrR_241,L73I;H101E;L108Y;L109M;Q110H;A112R;E115M;R119N;H124Y;D125Q;A149E;S153H,No mutations
AcrR_242,L73I;A98M;H101E;L108Y;L109M;Q110H;A112R;E115M;R119N;H124Y;D125Q;A149E;S153H,No mutations
AcrR_243,D71E;L73I;H101E;L108Y;L109M;Q110H;A112R;E115M;R119N;H124Y;D125Q;A149E;S153H,No mutations
AcrR_244,D71E;L73I;A98M;H101E;L108Y;L109M;Q110H;A112R;E115M;R119N;H124Y;D125Q;A149E;S153H,No mutations
AcrR_245,I70L;L73I;H101E;L108Y;L109M;Q110H;A112R;E115M;R119N;H124Y;D125Q;A149E;S153H,No mutations
AcrR_246,I70L;L73I;A98M;H101E;L108Y;L109M;Q110H;A112R;E115M;R119N;H124Y;D125Q;A149E;S153H,No mutations
AcrR_247,I70L;D71E;L73I;H101E;L108Y;L109M;Q110H;A112R;E115M;R119N;H124Y;D125Q;A149E;S153H,No mutations
AcrR_248,I70L;D71E;L73I;A98M;H101E;L108Y;L109M;Q110H;A112R;E115M;R119N;H124Y;D125Q;A149E;S153H,No mutations
